INSERT INTO images (imageURL) VALUES
    ('product_images/p1.webp'),
    ('product_images/p2.webp'),
    ('product_images/p3.jpg'),
    ('product_images/p4.jpg'),
    ('product_images/p5.jpg'),
    ('product_images/p6.jpg'),
    ('product_images/p7.jpg'),
    ('product_images/p8.jpg'),
    ('product_images/p9.jpg'),
    ('product_images/p10.jpg'),
    ('product_images/p11.webp'),
    ('product_images/p12.jpg'),
    ('product_images/p13.jpg'),
    ('product_images/p14.jpg'),
    ('product_images/p15.webp'),
    ('product_images/p16.jpg'),
    ('product_images/p17.webp'),
    ('product_images/p18.jpg'),
    ('product_images/p19.jpg'),
    ('product_images/p20.jpg'),
    ('product_images/p21.jpeg'),
    ('product_images/p22.webp'),
    ('product_images/p23.jpg'),
    ('product_images/p24.webp'),
    ('product_images/p25.jpg'),
    ('product_images/p26.jpg'),
    ('product_images/p27.webp'),
    ('product_images/p28.webp'),
    ('product_images/p29.webp'),
    ('product_images/p30.jpg'),
    ('product_images/p31.jpg'),
    ('product_images/p32.jpg'),
    ('product_images/p33.webp'),
    ('product_images/p34.webp'),
    ('product_images/p35.jpg'),
    ('product_images/p36.webp'),
    ('product_images/p37.jpg'),
    ('product_images/p38.jpg'),
    ('product_images/p39.jpg'),
    ('product_images/p40.webp'),
    ('product_images/p41.webp'),
    ('product_images/p42.avif'),
    ('product_images/p43.webp'),
    ('product_images/p44.jpg'),
    ('product_images/p45.jpg'),
    ('product_images/p46.jpg'),
    ('product_images/p47.jpg'),
    ('product_images/p48.jng'),
    ('product_images/p49.webp'),
    ('product_images/p50.webp'),
    ('product_images/p51.jpg'),
    ('product_images/p52.png'),
    ('product_images/p53.webp'),
    ('product_images/p54.jpg'),
    ('product_images/p55.jpg'),
    ('product_images/p56.webp'),
    ('product_images/p57.jpg'),
    ('product_images/p58.webp'),
    ('product_images/p59.webp'),
    ('product_images/p60.jpg'),
    ('product_images/p61.webp'),
    ('product_images/p62.jpg'),
    ('product_images/p63.avif'),
    ('product_images/p64.webp'),
    ('product_images/p65.jpg'),
    ('product_images/p66.avif'),
    ('product_images/p67.webp'),
    ('product_images/p68.webp'),
    ('product_images/p69.jpg'),
    ('product_images/p70.webp'),
    ('profile_pictures/profile1.jpg'),
    ('profile_pictures/profile2.jpg'),
    ('profile_pictures/profile3.jpg'),
    ('profile_pictures/profile4.jpg'),
    ('profile_pictures/profile5.jpg'),
    ('profile_pictures/profile6.jpg'),
    ('profile_pictures/profile7.jpg'),
    ('profile_pictures/profile8.jpg'),
    ('profile_pictures/profile9.jpg'),
    ('profile_pictures/profile10.jpg'),
    ('profile_pictures/profile11.jpg'),
    ('profile_pictures/profile12.jpg'),
    ('profile_pictures/profile13.jpg'),
    ('profile_pictures/profile14.jpg'),
    ('profile_pictures/profile15.jpg');


INSERT INTO users (userId, firstName, lastName, email, password, isAdmin, birthDate) VALUES (0, 'Unknown','User', 'unknown@domain.com', 'known', FALSE, '1-01-01');

INSERT INTO users (firstName, lastName, email, password, isAdmin, address, city, country, postalCode, phone, balance, imageId, birthDate, bidBalance) VALUES
    ('Leonardo', 'Ribeiro', 'leonardoribeiro@example.com', '$2y$10$HfzIhGCCaxqyaIdGgjARSuOKAcm1Uy82YfLuNaajn6JrjLWy9Sj/W', TRUE, 'Rua do Leo, 123', 'Famalicão', 'Portugal', '4770-000', '960005144', 0.0, 82, '2004-12-13', 0),
	('Manuel', 'Mo', 'manuelmo@example.com', '$2y$10$HfzIhGCCaxqyaIdGgjARSuOKAcm1Uy82YfLuNaajn6JrjLWy9Sj/W', TRUE, 'Rua do Mo 123', 'Famalicão', 'Portugal', '4770-000', '960005000', 0.0, 78, '2004-03-17', 0),
    ('Tomás', 'Costa', 'tomascosta@example.com', '$2y$10$HfzIhGCCaxqyaIdGgjARSuOKAcm1Uy82YfLuNaajn6JrjLWy9Sj/W', TRUE, 'Rua do Tomás 123', 'Famalicão', 'Portugal', '4770-000', '960005152', 0.0, 81, '2004-08-12', 0),
    ('Gonçalo', 'Pinto', 'goncalopinto@example.com', '$2y$10$HfzIhGCCaxqyaIdGgjARSuOKAcm1Uy82YfLuNaajn6JrjLWy9Sj/W', TRUE, 'Rua do gonçalo 123', 'Famalicão', 'Portugal', '4770-000', '960004943', 0.0, 79, '2004-07-15', 0),
    ('Admin', 'Example', 'admin@example.com', '$2y$10$HfzIhGCCaxqyaIdGgjARSuOKAcm1Uy82YfLuNaajn6JrjLWy9Sj/W', TRUE, 'Rua do Admin 123', 'Famalicão', 'Portugal', '4770-000', '960000000', 1000000.0, 80, '2000-01-1', 0),
    
    ('Eduardo', 'Cruz', 'eduardo@example.com', '$2y$10$HfzIhGCCaxqyaIdGgjARSuOKAcm1Uy82YfLuNaajn6JrjLWy9Sj/W', FALSE, 'Rua do Eduardo 123', 'Barcelos', 'Portugal', '4770-000', '960000000', 10000.0, 80, '2004-02-22', 0),
    ('Mini', 'Gonga', 'minigonga@example.com', '$2y$10$HfzIhGCCaxqyaIdGgjARSuOKAcm1Uy82YfLuNaajn6JrjLWy9Sj/W', FALSE, 'Rua do Mini 123', 'Famalicão', 'Portugal', '4770-000', '960000001', 10412.0, 74, '2000-01-1', 0),
    ('Alice', 'Smith', 'alice@example.com', '$2y$10$HfzIhGCCaxqyaIdGgjARSuOKAcm1Uy82YfLuNaajn6JrjLWy9Sj/W', FALSE, '123 Main St', 'Artville', 'USA', '11111', '555-1234', 15000.00, 76, '1990-04-12', 0),
    ('Bob', 'Brown', 'bob@example.com', '$2y$10$HfzIhGCCaxqyaIdGgjARSuOKAcm1Uy82YfLuNaajn6JrjLWy9Sj/W', FALSE, '456 Oak Ave', 'Painttown', 'Canada', '22222', '555-5678', 30000.00, 84, '1982-11-30', 0),
    ('Charlie', 'Johnson', 'charlie@example.com', '$2y$10$HfzIhGCCaxqyaIdGgjARSuOKAcm1Uy82YfLuNaajn6JrjLWy9Sj/W', FALSE, '789 Pine Rd', 'Brushcity', 'UK', '33333', '555-8765', 20000.00, 71, '1995-02-25', 0),
    ('Diana', 'White', 'diana@example.com', '$2y$10$HfzIhGCCaxqyaIdGgjARSuOKAcm1Uy82YfLuNaajn6JrjLWy9Sj/W', FALSE, '321 Birch Blvd', 'Canvasville', 'Australia', '44444', '555-4321', 12000.00, 74, '1999-07-15', 0),
    ('User', 'Example', 'user@example.com', '$2y$10$HfzIhGCCaxqyaIdGgjARSuOKAcm1Uy82YfLuNaajn6JrjLWy9Sj/W', FALSE, 'No home', 'Porto', 'Portugal', '44444', '555-4321', 10000.00, 72, '2004-03-17', 300),
    ('Isaac', 'Barros', 'isaacbarros@example.com', '$2y$10$HfzIhGCCaxqyaIdGgjARSuOKAcm1Uy82YfLuNaajn6JrjLWy9Sj/W', FALSE, 'Chernobyl, 711', 'Braga', 'Portugal', '1234', '1234', 66000.00, 73, '2004-03-01', 16000),
    ('Midoriya', 'Izuku', 'midoriyaizuku@example.com', '$2y$10$HfzIhGCCaxqyaIdGgjARSuOKAcm1Uy82YfLuNaajn6JrjLWy9Sj/W', FALSE, 'Ribeirão, 120', 'Braga', 'Portugal', '1234', '1234', 6600.00, 77, '2006-07-15', 0),
    ('Pedro', 'Bóris', 'pedro@example.com', '$2y$10$HfzIhGCCaxqyaIdGgjARSuOKAcm1Uy82YfLuNaajn6JrjLWy9Sj/W', FALSE, 'Chernobyl, 711', 'Braga', 'Portugal', '1234', '1234', 6600.00, NULL, '2004-03-01', 0),
    ('José', 'Granja', 'granja@example.com', '$2y$10$HfzIhGCCaxqyaIdGgjARSuOKAcm1Uy82YfLuNaajn6JrjLWy9Sj/W', FALSE, 'Chernobyl, 711', 'Braga', 'Portugal', '1234', '1234', 6600.00, NULL, '2004-03-01', 0);

UPDATE users SET bantime = CURRENT_TIMESTAMP + '1 hour' WHERE email = 'alice@example.com';


INSERT INTO artists (name, isFamous) VALUES
    ('Other', TRUE),
    ('Unknown', TRUE),
    ('Me', TRUE),
    ('Vincent van Gogh', TRUE), 
    ('Pablo Picasso', TRUE),
    ('Claude Monet', TRUE),
    ('Andy Warhol', TRUE),
    ('Leonardo da Vinci', TRUE),
    ('Michelangelo', TRUE),
    ('Rembrandt', TRUE),
    ('Salvador Dalí', TRUE),
    ('Jackson Pollock', TRUE),
    ('Frida Kahlo', TRUE),
    ('Edvard Munch', TRUE),
    ('Johannes Vermeer', TRUE);

INSERT INTO items (ownerId, name, initialPrice, soldPrice, width, height, description, state, startTime, duration, deadline, style, theme, technique, artistId, topBidder) VALUES

    -- Not sold items
    (6, 'Whispering Meadows', 150.0, NULL, 120.0, 100.0, 'A peaceful meadow with soft golden hues.', 'NotSold', CURRENT_TIMESTAMP - INTERVAL '10 days', 720, CURRENT_TIMESTAMP - INTERVAL '10 days' + INTERVAL '720 minutes', 'Realism', 'Nature & Environment', 'Oil on Canvas', 7, NULL),
    (7, 'City Lights', 200.0, NULL, 100.0, 150.0, 'A dynamic portrayal of a city at night.', 'NotSold', CURRENT_TIMESTAMP - INTERVAL '15 days', 600, CURRENT_TIMESTAMP - INTERVAL '15 days' + INTERVAL '600 minutes', 'Modernism', 'Fantasy & Mythical', 'Acrylic', 7, NULL),
    (8, 'Hidden Waterfall', 180.0, NULL, 130.0, 140.0, 'A tranquil hidden waterfall in the forest.', 'NotSold', CURRENT_TIMESTAMP - INTERVAL '8 days', 480, CURRENT_TIMESTAMP - INTERVAL '8 days' + INTERVAL '480 minutes', 'Romanticism', 'Nature & Environment', 'Watercolor', 7, NULL),
    (9, 'Cosmic Dreams', 250.0, NULL, 150.0, 150.0, 'An artistic representation of cosmic wonders.', 'NotSold', CURRENT_TIMESTAMP - INTERVAL '20 days', 720, CURRENT_TIMESTAMP - INTERVAL '20 days' + INTERVAL '720 minutes', 'Abstract', 'Space Exploration', 'Digital Art', 8, NULL),
    (10, 'Autumn Serenity', 170.0, NULL, 120.0, 120.0, 'A calm autumn scene with falling leaves.', 'NotSold', CURRENT_TIMESTAMP - INTERVAL '12 days', 720, CURRENT_TIMESTAMP - INTERVAL '12 days' + INTERVAL '720 minutes', 'Impressionism', 'Nature & Environment', 'Pastel', 8, NULL),
    (11, 'The Enchanted Garden', 200.0, NULL, 130.0, 100.0, 'A surreal garden with magical flowers.', 'NotSold', CURRENT_TIMESTAMP - INTERVAL '18 days', 600, CURRENT_TIMESTAMP - INTERVAL '18 days' + INTERVAL '600 minutes', 'Surrealism', 'Fantasy & Mythical', 'Oil Painting', 8, NULL),
    (12, 'Silent Reflections', 300.0, NULL, 140.0, 120.0, 'A painting of a calm lake reflecting the moon.', 'NotSold', CURRENT_TIMESTAMP - INTERVAL '25 days', 720, CURRENT_TIMESTAMP - INTERVAL '25 days' + INTERVAL '720 minutes', 'Expressionism', 'Nature & Environment', 'Charcoal Drawing', 9, NULL),
    (13, 'Urban Abstraction', 220.0, NULL, 100.0, 150.0, 'An abstract take on modern urban life.', 'NotSold', CURRENT_TIMESTAMP - INTERVAL '30 days', 720, CURRENT_TIMESTAMP - INTERVAL '30 days' + INTERVAL '720 minutes', 'Abstract', 'Fantasy & Mythical', 'Acrylic', 9, NULL),
    (14, 'Frozen Horizons', 190.0, NULL, 120.0, 130.0, 'A breathtaking depiction of icy landscapes.', 'NotSold', CURRENT_TIMESTAMP - INTERVAL '15 days', 480, CURRENT_TIMESTAMP - INTERVAL '15 days' + INTERVAL '480 minutes', 'Minimalism', 'Nature & Environment', 'Watercolor', 9, NULL),
    
    -- Sold items
    (6, 'My beautiful art', 50.0, 984.0, 100.0, 100.0, 'This is my best art I have done.', 'Sold', CURRENT_TIMESTAMP - INTERVAL '30 days', 720, CURRENT_TIMESTAMP - INTERVAL '30 days' + INTERVAL '720 minutes', 'Surrealism', 'Fantasy & Mythical', 'Layering', 3, 7),
    (6, 'The Dream of the Sky', 120.0, 450.0, 120.0, 150.0, 'An ethereal painting of clouds and stars.', 'Sold', CURRENT_TIMESTAMP - INTERVAL '40 days', 720, CURRENT_TIMESTAMP - INTERVAL '40 days' + INTERVAL '720 minutes', 'Impressionism', 'Nature & Environment', 'Oil on Canvas', 3, 7),
    (7, 'Oceanic Fantasy', 200.0, 700.0, 100.0, 100.0, 'A surreal portrayal of underwater creatures.', 'Sold', CURRENT_TIMESTAMP - INTERVAL '35 days', 600, CURRENT_TIMESTAMP - INTERVAL '35 days' + INTERVAL '600 minutes', 'Surrealism', 'Fantasy & Mythical', 'Watercolor', 3, 6),
    (7, 'Golden Fields', 180.0, 650.0, 130.0, 120.0, 'A serene landscape of golden wheat fields.', 'Sold', CURRENT_TIMESTAMP - INTERVAL '25 days', 720, CURRENT_TIMESTAMP - INTERVAL '25 days' + INTERVAL '720 minutes', 'Realism', 'Nature & Environment', 'Oil Painting', 3, 6),
    (8, 'Ancient Mythology', 90.0, 300.0, 110.0, 110.0, 'A detailed drawing of ancient gods.', 'Sold', CURRENT_TIMESTAMP - INTERVAL '45 days', 720, CURRENT_TIMESTAMP - INTERVAL '45 days' + INTERVAL '720 minutes', 'Classicism', 'Fantasy & Mythical', 'Charcoal Drawing', 4, 9),
    (8, 'City in Motion', 150.0, 550.0, 100.0, 200.0, 'A vibrant depiction of a bustling city.', 'Sold', CURRENT_TIMESTAMP - INTERVAL '30 days', 720, CURRENT_TIMESTAMP - INTERVAL '30 days' + INTERVAL '720 minutes', 'Modernism', 'Fantasy & Mythical', 'Acrylic', 4, 9),
    (9, 'Silent Night', 80.0, 400.0, 100.0, 120.0, 'A calm and quiet snowy night scene.', 'Sold', CURRENT_TIMESTAMP - INTERVAL '20 days', 720, CURRENT_TIMESTAMP - INTERVAL '20 days' + INTERVAL '720 minutes', 'Romanticism', 'Nature & Environment', 'Pastel', 4, 8),
    (9, 'Cosmic Voyage', 250.0, 900.0, 150.0, 150.0, 'An interstellar journey through vibrant galaxies.', 'Sold', CURRENT_TIMESTAMP - INTERVAL '50 days', 800, CURRENT_TIMESTAMP - INTERVAL '50 days' + INTERVAL '800 minutes', 'Abstract', 'Space Exploration', 'Oil on Canvas', 5, 8),
    (10, 'The Forgotten Forest', 140.0, 500.0, 110.0, 130.0, 'A dense forest painted with dark shades and light streams.', 'Sold', CURRENT_TIMESTAMP - INTERVAL '28 days', 720, CURRENT_TIMESTAMP - INTERVAL '28 days' + INTERVAL '720 minutes', 'Expressionism', 'Nature & Environment', 'Ink and Brush', 5, 11),
    (10, 'Whimsical Afternoon', 100.0, 420.0, 120.0, 100.0, 'A colorful and lively afternoon park scene.', 'Sold', CURRENT_TIMESTAMP - INTERVAL '15 days', 720, CURRENT_TIMESTAMP - INTERVAL '15 days' + INTERVAL '720 minutes', 'Impressionism', 'Fantasy & Mythical', 'Acrylic', 5, 11),
    (11, 'Majestic Peaks', 130.0, 600.0, 140.0, 120.0, 'A mountain range painted during sunrise.', 'Sold', CURRENT_TIMESTAMP - INTERVAL '33 days', 720, CURRENT_TIMESTAMP - INTERVAL '33 days' + INTERVAL '720 minutes', 'Realism', 'Nature & Environment', 'Oil Painting', 6, 12),
    (12, 'Dreamlike Reality', 180.0, 750.0, 100.0, 140.0, 'A surreal mix of real and imaginative elements.', 'Sold', CURRENT_TIMESTAMP - INTERVAL '29 days', 700, CURRENT_TIMESTAMP - INTERVAL '29 days' + INTERVAL '700 minutes', 'Surrealism', 'Fantasy & Mythical', 'Watercolor', 6, 10),
    (13, 'Desert Mirage', 95.0, 320.0, 110.0, 90.0, 'A vivid mirage in the middle of a desert.', 'Sold', CURRENT_TIMESTAMP - INTERVAL '22 days', 720, CURRENT_TIMESTAMP - INTERVAL '22 days' + INTERVAL '720 minutes', 'Minimalism', 'Nature & Environment', 'Digital Art', 6, 12),

    --Auction
    (7, 'Galaxy Dreams', 1200.00, 3200, 100.00, 120.00, 'A surreal landscape of galaxies and cosmic forms', 'Auction', CURRENT_TIMESTAMP - INTERVAL '715 minutes', 720, CURRENT_TIMESTAMP + INTERVAL '5 minutes', 'Surrealism', 'Fantasy & Mythical', 'Layering', 2, 13),
    (8, 'City Vibes', 1400.00, 3200, 110.00, 100.00, 'The quick brown fox jumps over the lazy dog. A fast-moving storm approached the coast, bringing heavy rain and winds. People sought shelter indoors, while the waves crashed violently against the shore. In the distance, the sound of thunder echoed through the sky as lightning illuminated the dark clouds above.', 'Auction', CURRENT_TIMESTAMP, 840, CURRENT_TIMESTAMP + INTERVAL '14 hour', 'Abstract', 'Urban & Social', 'Brushwork', 3, 13),
    (12, 'Morning Dew', 850.00, 3200, 80.00, 90.00, 'A peaceful morning scene with dew on the grass and gentle light', 'Auction', CURRENT_TIMESTAMP, 960, CURRENT_TIMESTAMP + INTERVAL '16 hour', 'Realism', 'Nature & Environment', 'Wet-on-wet', 4, 13),
    (10, 'Fragmented Soul', 1100.00, 3200, 95.00, 100.00, 'A deep, emotional piece that reflects the chaos within', 'Auction', CURRENT_TIMESTAMP, 1080, CURRENT_TIMESTAMP + INTERVAL '18 hour', 'Expressionism', 'Emotions & Experiences', 'Impasto', 2, 13),
    (11, 'Nostalgic Visions', 950.00, 3200, 90.00, 80.00, 'A dreamy portrayal of fading memories and distant hopes', 'Auction', CURRENT_TIMESTAMP, 1140, CURRENT_TIMESTAMP + INTERVAL '19 hour', 'Surrealism', 'Emotions & Experiences', 'Glazing', 3, 13),
    (12, 'Golden Horizons', 1250.00, NULL, 110.00, 100.00, 'A landscape where the sun kisses the horizon with warm hues', 'Auction', CURRENT_TIMESTAMP, 1200, CURRENT_TIMESTAMP + INTERVAL '20 hour', 'Impressionism', 'Nature & Environment', 'Brushwork', 5, NULL),
    (12, 'Crimson Horizon', 1250.00, NULL, 110.00, 100.00, 'A fiery red sunset casting its glow over a desolate plain', 'Auction', CURRENT_TIMESTAMP, 720, CURRENT_TIMESTAMP + INTERVAL '31 hour', 'Impressionism', 'Nature & Environment', 'Layering', 3, NULL),
    (10, 'Shadowed Alley', 950.00, NULL, 90.00, 80.00, 'A haunting city alley with dim lights and mystery lurking', 'Auction', CURRENT_TIMESTAMP, 840, CURRENT_TIMESTAMP + INTERVAL '32 hour', 'Street Art', 'Urban & Social', 'Dry Brush', 5, NULL),
    (11, 'Emerald Dream', 1100.00, NULL, 95.00, 100.00, 'A lush green paradise filled with vibrant natural life', 'Auction', CURRENT_TIMESTAMP, 960, CURRENT_TIMESTAMP + INTERVAL '33 hour', 'Naturalism', 'Nature & Environment', 'Glazing', 2, NULL),
    (12, 'Whispered Secrets', 950.00, NULL, 80.00, 90.00, 'A surrealistic portrayal of hidden thoughts and untold tales', 'Auction', CURRENT_TIMESTAMP, 1080, CURRENT_TIMESTAMP + INTERVAL '34 hour', 'Surrealism', 'Fantasy & Mythical', 'Wet-on-wet', 4, NULL),
    (13, 'Vortex of Light', 1050.00, NULL, 90.00, 90.00, 'An abstract exploration of light as it twists and turns', 'Auction', CURRENT_TIMESTAMP, 1140, CURRENT_TIMESTAMP + INTERVAL '35 hour', 'Abstract', 'Symbolism & Abstract', 'Impasto', 3, NULL),
    (6, 'Shimmering Waters', 1000.00, NULL, 95.00, 110.00, 'A serene lake reflecting the colors of dawn', 'Auction', CURRENT_TIMESTAMP, 1200, CURRENT_TIMESTAMP + INTERVAL '36 hour', 'Realism', 'Nature & Environment', 'Brushwork', 4, NULL),
    (15, 'Twilight Reverie', 1150.00, NULL, 100.00, 100.00, 'A dreamy scene of twilight blending hues of blue and purple', 'Auction', CURRENT_TIMESTAMP, 1320, CURRENT_TIMESTAMP + INTERVAL '37 hour', 'Impressionism', 'Emotions & Experiences', 'Layering', 5, NULL),
    (16, 'Urban Labyrinth', 850.00, NULL, 80.00, 90.00, 'A chaotic but fascinating urban maze of streets and lights', 'Auction', CURRENT_TIMESTAMP, 1440, CURRENT_TIMESTAMP + INTERVAL '38 hour', 'Street Art', 'Urban & Social', 'Monochromatic Palette', 2, NULL),
    (6, 'Golden Canopy', 1100.00, NULL, 105.00, 100.00, 'The forest crowned in golden leaves under the autumn sun', 'Auction', CURRENT_TIMESTAMP, 1500, CURRENT_TIMESTAMP + INTERVAL '39 hour', 'Naturalism', 'Nature & Environment', 'Underpainting', 3, NULL),
    (7, 'Fragments of Time', 1200.00, NULL, 115.00, 100.00, 'An abstract piece representing the broken shards of moments past', 'Auction', CURRENT_TIMESTAMP, 1560, CURRENT_TIMESTAMP + INTERVAL '40 hour', 'Cubism', 'Symbolism & Abstract', 'Impasto', 4, NULL),
    (8, 'Ethereal Glow', 900.00, NULL, 85.00, 75.00, 'A celestial-inspired painting of stars and nebulae', 'Auction', CURRENT_TIMESTAMP, 1620, CURRENT_TIMESTAMP + INTERVAL '41 hour', 'Surrealism', 'Fantasy & Mythical', 'Acrylic Pouring', 2, NULL),
    (12, 'Hidden Layers', 1000.00, NULL, 95.00, 80.00, 'A conceptual piece delving into the unseen complexities of life', 'Auction', CURRENT_TIMESTAMP, 1680, CURRENT_TIMESTAMP + INTERVAL '42 hour', 'Abstract', 'Urban & Social', 'Dry Brush', 5, NULL),
    (10, 'Frozen Serenade', 1150.00, NULL, 120.00, 110.00, 'A winter landscape bathed in moonlight, frozen in stillness', 'Auction', CURRENT_TIMESTAMP, 1740, CURRENT_TIMESTAMP + INTERVAL '43 hour', 'Realism', 'Nature & Environment', 'Glazing', 3, NULL),
    (11, 'City in the Clouds', 850.00, NULL, 80.00, 90.00, 'A fantasy city floating on clouds with shimmering spires', 'Auction', CURRENT_TIMESTAMP, 1800, CURRENT_TIMESTAMP + INTERVAL '44 hour', 'Surrealism', 'Fantasy & Mythical', 'Color Mixing', 4, NULL),
    (12, 'Echoes of the Sea', 1100.00, NULL, 105.00, 100.00, 'A marine-inspired piece that resonates with ocean waves', 'Auction', CURRENT_TIMESTAMP, 1860, CURRENT_TIMESTAMP + INTERVAL '45 hour', 'Naturalism', 'Nature & Environment', 'Brushwork', 2, NULL),
    (13, 'Illuminated Shadows', 950.00, NULL, 85.00, 90.00, 'An exploration of contrasts between light and dark', 'Auction', CURRENT_TIMESTAMP, 1920, CURRENT_TIMESTAMP + INTERVAL '46 hour', 'Expressionism', 'Emotions & Experiences', 'Underpainting', 3, NULL),
    (6, 'Stormborn', 1250.00, NULL, 110.00, 100.00, 'An intense depiction of a thunderstorm brewing with power', 'Auction', CURRENT_TIMESTAMP, 1980, CURRENT_TIMESTAMP + INTERVAL '47 hour', 'Abstract', 'Nature & Environment', 'Impasto', 4, NULL),
    (15, 'Luminous Fields', 950.00, NULL, 90.00, 85.00, 'A radiant meadow bathed in golden sunlight', 'Auction', CURRENT_TIMESTAMP, 2040, CURRENT_TIMESTAMP + INTERVAL '48 hour', 'Impressionism', 'Nature & Environment', 'Layering', 5, NULL),
    (16, 'Sacred Geometry', 1200.00, NULL, 115.00, 110.00, 'An intricate abstract piece based on geometric patterns', 'Auction', CURRENT_TIMESTAMP, 2100, CURRENT_TIMESTAMP + INTERVAL '49 hour', 'Cubism', 'Symbolism & Abstract', 'Glazing', 2, NULL),
    (6, 'Beyond the Veil', 950.00, NULL, 85.00, 95.00, 'A surreal piece exploring what lies beyond the seen', 'Auction', CURRENT_TIMESTAMP, 2160, CURRENT_TIMESTAMP + INTERVAL '50 hour', 'Surrealism', 'Fantasy & Mythical', 'Dry Brush', 4, NULL),
    (7, 'Fire Within', 1100.00, NULL, 100.00, 95.00, 'An abstract representation of inner passion and turmoil', 'Auction', CURRENT_TIMESTAMP, 2220, CURRENT_TIMESTAMP + INTERVAL '51 hour', 'Abstract', 'Emotions & Experiences', 'Impasto', 3, NULL),
    (8, 'Shadows of the Past', 850.00, NULL, 90.00, 85.00, 'A nostalgic look at history through hazy, dreamlike visuals', 'Auction', CURRENT_TIMESTAMP, 2280, CURRENT_TIMESTAMP + INTERVAL '52 hour', 'Expressionism', 'Emotions & Experiences', 'Layering', 5, NULL),
    (12, 'Aurora Skies', 1200.00, NULL, 110.00, 105.00, 'A magical aurora illuminating a winter night', 'Auction', CURRENT_TIMESTAMP, 2340, CURRENT_TIMESTAMP + INTERVAL '53 hour', 'Realism', 'Nature & Environment', 'Brushwork', 2, NULL),
    (10, 'Dancing Flames', 950.00, NULL, 85.00, 90.00, 'An abstract piece showcasing flames as they move rhythmically', 'Auction', CURRENT_TIMESTAMP, 2400, CURRENT_TIMESTAMP + INTERVAL '54 hour', 'Abstract', 'Symbolism & Abstract', 'Color Mixing', 3, NULL),
    
    -- Pending
    (13, 'Urban Jungle', 1050.00, NULL, 90.00, 90.00, 'A blend of nature and concrete, showing the coexistence of both', 'Pending', CURRENT_TIMESTAMP, 1320, CURRENT_TIMESTAMP + INTERVAL '22 hour', 'Street Art', 'Urban & Social', 'Dry Brush', 4, NULL),
    (6, 'Eternal Flame', 800.00, NULL, 85.00, 75.00, 'An abstract representation of burning passion and relentless energy', 'Pending', CURRENT_TIMESTAMP, 1440, CURRENT_TIMESTAMP + INTERVAL '24 hour', 'Abstract', 'Emotions & Experiences', 'Acrylic Pouring', 2, NULL),
    (15, 'Frozen World', 900.00, NULL, 95.00, 80.00, 'A winter landscape where frost touches every surface, frozen in time', 'Pending', CURRENT_TIMESTAMP, 1500, CURRENT_TIMESTAMP + INTERVAL '25 hour', 'Naturalism', 'Nature & Environment', 'Dry Brush', 5, NULL),
    (16, 'Wild Emotions', 1150.00, NULL, 100.00, 100.00, 'A burst of colors representing wild, untamed emotions and ideas', 'Pending', CURRENT_TIMESTAMP, 780, CURRENT_TIMESTAMP + INTERVAL '13 hour', 'Expressionism', 'Emotions & Experiences', 'Color Mixing', 2, NULL),
    (6, 'Illusions of the Mind', 950.00, NULL, 80.00, 90.00, 'A surreal piece that blurs the line between reality and imagination', 'Pending', CURRENT_TIMESTAMP, 1560, CURRENT_TIMESTAMP + INTERVAL '26 hour', 'Surrealism', 'Fantasy & Mythical', 'Monochromatic Palette', 4, NULL),
    (7, 'Bridges of Time', 1100.00, NULL, 105.00, 100.00, 'An abstract view of time, portrayed as multiple intersecting bridges', 'Pending', CURRENT_TIMESTAMP, 1620, CURRENT_TIMESTAMP + INTERVAL '27 hour', 'Cubism', 'Symbolism & Abstract', 'Layering', 3, NULL),
    (8, 'Eternal Garden', 950.00, NULL, 90.00, 85.00, 'A surreal garden blooming with unusual colors and forms', 'Pending', CURRENT_TIMESTAMP, 840, CURRENT_TIMESTAMP + INTERVAL '14 hour', 'Surrealism', 'Fantasy & Mythical', 'Wet-on-wet', 5, NULL),
    (12, 'Flickers of Memory', 1000.00, NULL, 95.00, 100.00, 'A delicate scene that captures the fleeting nature of memories', 'Pending', CURRENT_TIMESTAMP, 1380, CURRENT_TIMESTAMP + INTERVAL '23 hour', 'Realism', 'Emotions & Experiences', 'Glazing', 2, NULL),
    (10, 'Unbroken Chains', 1200.00, NULL, 110.00, 115.00, 'A powerful, abstract piece representing resilience and connection', 'Pending', CURRENT_TIMESTAMP, 1680, CURRENT_TIMESTAMP + INTERVAL '28 hour', 'Abstract', 'Urban & Social', 'Impasto', 2, NULL),
    (11, 'Depths of Silence', 900.00, NULL, 85.00, 95.00, 'A quiet, introspective piece that delves into the concept of solitude', 'Pending', CURRENT_TIMESTAMP, 1740, CURRENT_TIMESTAMP + INTERVAL '29 hour', 'Expressionism', 'Emotions & Experiences', 'Underpainting', 5, NULL),
    (12, 'Awakened Earth', 1250.00, NULL, 120.00, 100.00, 'A landscape symbolizing the rebirth of nature after a long winter', 'Pending', CURRENT_TIMESTAMP, 1800, CURRENT_TIMESTAMP + INTERVAL '30 hour', 'Naturalism', 'Nature & Environment', 'Brushwork', 3, NULL),
    (13, 'Nocturnal Shadows', 950.00, NULL, 85.00, 90.00, 'A haunting depiction of shadows cast by streetlights in the city at night', 'Pending', CURRENT_TIMESTAMP, 1800, CURRENT_TIMESTAMP + INTERVAL '30 hour', 'Street Art', 'Urban & Social', 'Underpainting', 3, NULL),
    (6, 'Sculpted Emotion', 1100.00, NULL, 105.00, 120.00, 'A deep, textured piece that captures a moment of intense emotion', 'Pending', CURRENT_TIMESTAMP, 900, CURRENT_TIMESTAMP + INTERVAL '15 hour', 'Expressionism', 'Emotions & Experiences', 'Impasto', 4, NULL),
    (15, 'Misty Mountains', 1000.00, NULL, 95.00, 110.00, 'A serene mountain landscape bathed in the soft mist of dawn', 'Pending', CURRENT_TIMESTAMP, 1860, CURRENT_TIMESTAMP + INTERVAL '31 hour', 'Naturalism', 'Nature & Environment', 'Acrylic Pouring', 2, NULL),
    (16, 'Glowing Void', 1200.00, NULL, 115.00, 100.00, 'An abstract piece that focuses on light and the void', 'Pending', CURRENT_TIMESTAMP, 1920, CURRENT_TIMESTAMP + INTERVAL '32 hour', 'Abstract', 'Symbolism & Abstract', 'Layering', 5, NULL),
    (6, 'Echoes of Hope', 950.00, NULL, 85.00, 95.00, 'A piece that uses light and dark contrasts to reflect optimism amid darkness', 'Pending', CURRENT_TIMESTAMP, 1980, CURRENT_TIMESTAMP + INTERVAL '33 hour', 'Expressionism', 'Emotions & Experiences', 'Dry Brush', 3, NULL),
    (7, 'The Forgotten Forest', 1050.00, NULL, 95.00, 100.00, 'A journey through a mystical forest filled with forgotten spirits', 'Pending', CURRENT_TIMESTAMP, 2040, CURRENT_TIMESTAMP + INTERVAL '34 hour', 'Surrealism', 'Fantasy & Mythical', 'Layering', 5, NULL),
    (8, 'Invisible Paths', 950.00, NULL, 90.00, 85.00, 'A conceptual piece exploring paths unseen, hidden in plain sight', 'Pending', CURRENT_TIMESTAMP, 2100, CURRENT_TIMESTAMP + INTERVAL '35 hour', 'Cubism', 'Symbolism & Abstract', 'Underpainting', 4, NULL),

    (7, 'Cores do Silêncio', 80.00, 300, 100.0, 100.0, 'Uma pintura abstrata que evoca a serenidade e a introspecção.', 'Auction', CURRENT_TIMESTAMP - INTERVAL '1 day' + INTERVAL '5 minutes', 1440, CURRENT_TIMESTAMP + INTERVAL '5 minutes', 'Abstract', 'Nature & Environment', 'Digital Art', 3, 12);

INSERT INTO product_images (itemId, imageId) VALUES
    (1,1),
    (2,2),
    (3,3),
    (4,4),
    (5,5),
    (6,6),
    (7,7),
    (8,8),
    (9,9),
    (10,10),
    (11,11),
    (12,12),
    (13,13),
    (14,14),
    (15,15),
    (16,16),
    (17,17),
    (18,18),
    (19,19),
    (20,20),
    (21,21),
    (22,22),
    (23,23),
    (24,24),
    (25,25),
    (26,26),
    (27,27),
    (28,28),
    (29,29),
    (30,33),
    (31,39),
    (32,32),
    (33,33),
    (34,34),
    (35,35),
    (36,36),
    (37,37),
    (38,38),
    (39,39),
    (40,40),
    (41,41),
    (42,42),
    (43,43),
    (44,44),
    (45,45),
    (46,46),
    (47,47),
    (48,48),
    (49,49),
    (50,50),
    (51,51),
    (52,52),
    (53,53),
    (54,54),
    (55,55),
    (56,56),
    (57,57),
    (58,58),
    (59,59),
    (61,61),
    (62,62),
    (63,63),
    (64,64),
    (65,65),
    (66,66),
    (67,67),
    (68,68),
    (69,69),
    (70,70),
    (71,30);

INSERT INTO follows (followerId, itemId) VALUES
    (12, 30),
    (6, 28),
    (8, 29),
    (9, 26);

INSERT INTO bids (bidderId, itemId, value, time) VALUES
    (7, 10, 984.0, CURRENT_TIMESTAMP - INTERVAL '30 days' + INTERVAL '60 minutes'),
    (7, 11, 450.0, CURRENT_TIMESTAMP - INTERVAL '40 days' + INTERVAL '60 minutes'),
    (6, 12, 700.0, CURRENT_TIMESTAMP - INTERVAL '35 days' + INTERVAL '60 minutes'),
    (6, 13, 650.0, CURRENT_TIMESTAMP - INTERVAL '25 days' + INTERVAL '60 minutes'),
    (9, 14, 300.0, CURRENT_TIMESTAMP - INTERVAL '45 days' + INTERVAL '60 minutes'),
    (9, 15, 550.0, CURRENT_TIMESTAMP - INTERVAL '30 days' + INTERVAL '60 minutes'),
    (8, 16, 400.0, CURRENT_TIMESTAMP - INTERVAL '20 days' + INTERVAL '60 minutes'),
    (8, 17, 900.0, CURRENT_TIMESTAMP - INTERVAL '50 days' + INTERVAL '60 minutes'),
    (11, 18, 500.0, CURRENT_TIMESTAMP - INTERVAL '28 days' + INTERVAL '60 minutes'),
    (11, 19, 420.0, CURRENT_TIMESTAMP - INTERVAL '15 days' + INTERVAL '60 minutes'),
    (12, 20, 140.0, CURRENT_TIMESTAMP - INTERVAL '33 days' + INTERVAL '60 minutes'),
    (10, 21, 750.0, CURRENT_TIMESTAMP - INTERVAL '29 days' + INTERVAL '60 minutes'),
    (12, 22, 320.0, CURRENT_TIMESTAMP - INTERVAL '22 days' + INTERVAL '60 minutes'),
    (13, 23, 3200.0, CURRENT_TIMESTAMP - INTERVAL '30 minutes'),
    (13, 24, 3200.0, CURRENT_TIMESTAMP),
    (13, 25, 3200.0, CURRENT_TIMESTAMP),
    (13, 26, 3200.0, CURRENT_TIMESTAMP),
    (13, 27, 3200.0, CURRENT_TIMESTAMP),
    (12, 71, 300.0, CURRENT_TIMESTAMP - INTERVAL '30 minutes');


INSERT INTO transactions (auctionId, userId, transactionType, value, time) VALUES

    --Deposit
    (NULL, 5, 'Deposit', 1000000.0, CURRENT_TIMESTAMP - INTERVAL '90 days'),
    (NULL, 6, 'Deposit', 10000.0, CURRENT_TIMESTAMP - INTERVAL '90 days'),
    (NULL, 7, 'Deposit', 10412.0, CURRENT_TIMESTAMP - INTERVAL '90 days'),
    (NULL, 8, 'Deposit', 15000.00, CURRENT_TIMESTAMP - INTERVAL '90 days'),
    (NULL, 9, 'Deposit', 30000.00, CURRENT_TIMESTAMP - INTERVAL '90 days'),
    (NULL, 10, 'Deposit', 20000.00, CURRENT_TIMESTAMP - INTERVAL '90 days'),
    (NULL, 11, 'Deposit', 12000.00, CURRENT_TIMESTAMP - INTERVAL '90 days'),
    (NULL, 12, 'Deposit', 200000.00, CURRENT_TIMESTAMP - INTERVAL '90 days'),
    (NULL, 13, 'Deposit', 66000.00, CURRENT_TIMESTAMP - INTERVAL '90 days'),
    (NULL, 14, 'Deposit', 6600.00, CURRENT_TIMESTAMP - INTERVAL '90 days'),
    (NULL, 15, 'Deposit', 6600.00, CURRENT_TIMESTAMP - INTERVAL '90 days'),
    (NULL, 16, 'Deposit', 6600.00, CURRENT_TIMESTAMP - INTERVAL '90 days'),

    --Buying
    (10, 7, 'Buying', 984.0, CURRENT_TIMESTAMP - INTERVAL '30 days' + INTERVAL '720 minutes'),
    (11, 7, 'Buying', 450.0, CURRENT_TIMESTAMP - INTERVAL '40 days' + INTERVAL '720 minutes'),
    (12, 6, 'Buying', 700.0, CURRENT_TIMESTAMP - INTERVAL '35 days' + INTERVAL '600 minutes'),
    (13, 6, 'Buying', 650.0, CURRENT_TIMESTAMP - INTERVAL '25 days' + INTERVAL '720 minutes'),
    (14, 9, 'Buying', 300.0, CURRENT_TIMESTAMP - INTERVAL '45 days' + INTERVAL '720 minutes'),
    (15, 9, 'Buying', 550.0, CURRENT_TIMESTAMP - INTERVAL '30 days' + INTERVAL '720 minutes'),
    (16, 8, 'Buying', 400.0, CURRENT_TIMESTAMP - INTERVAL '20 days' + INTERVAL '720 minutes'),
    (17, 8, 'Buying', 900.0, CURRENT_TIMESTAMP - INTERVAL '50 days' + INTERVAL '800 minutes'),
    (18, 11, 'Buying', 500.0, CURRENT_TIMESTAMP - INTERVAL '28 days' + INTERVAL '720 minutes'),
    (19, 11, 'Buying', 420.0, CURRENT_TIMESTAMP - INTERVAL '15 days' + INTERVAL '720 minutes'),
    (20, 10, 'Buying', 140.0, CURRENT_TIMESTAMP - INTERVAL '33 days' + INTERVAL '720 minutes'),
    (21, 10, 'Buying', 750.0, CURRENT_TIMESTAMP - INTERVAL '29 days' + INTERVAL '700 minutes'),
    (22, 14, 'Buying', 320.0, CURRENT_TIMESTAMP - INTERVAL '22 days' + INTERVAL '720 minutes'),
    
    --Selling
    (10, 6, 'Selling', 984.0, CURRENT_TIMESTAMP - INTERVAL '30 days' + INTERVAL '720 minutes'),
    (11, 6, 'Selling', 450.0, CURRENT_TIMESTAMP - INTERVAL '40 days' + INTERVAL '720 minutes'),
    (12, 7, 'Selling', 700.0, CURRENT_TIMESTAMP - INTERVAL '35 days' + INTERVAL '600 minutes'),
    (13, 7, 'Selling', 650.0, CURRENT_TIMESTAMP - INTERVAL '25 days' + INTERVAL '720 minutes'),
    (14, 8, 'Selling', 300.0, CURRENT_TIMESTAMP - INTERVAL '45 days' + INTERVAL '720 minutes'),
    (15, 8, 'Selling', 550.0, CURRENT_TIMESTAMP - INTERVAL '30 days' + INTERVAL '720 minutes'),
    (16, 9, 'Selling', 400.0, CURRENT_TIMESTAMP - INTERVAL '20 days' + INTERVAL '720 minutes'),
    (17, 9, 'Selling', 900.0, CURRENT_TIMESTAMP - INTERVAL '50 days' + INTERVAL '800 minutes'),
    (18, 10, 'Selling', 500.0, CURRENT_TIMESTAMP - INTERVAL '28 days' + INTERVAL '720 minutes'),
    (19, 10, 'Selling', 420.0, CURRENT_TIMESTAMP - INTERVAL '15 days' + INTERVAL '720 minutes'),
    (20, 11, 'Selling', 140.0, CURRENT_TIMESTAMP - INTERVAL '33 days' + INTERVAL '720 minutes'),
    (21, 12, 'Selling', 750.0, CURRENT_TIMESTAMP - INTERVAL '29 days' + INTERVAL '700 minutes'),
    (22, 13, 'Selling', 320.0, CURRENT_TIMESTAMP - INTERVAL '22 days' + INTERVAL '720 minutes');
    


INSERT INTO notifications (userId, type, bidId, itemId, itemName, transactionId, dateTime) VALUES
    (12, 'ending5mingeneral', NULL, 20, NULL,  NULL, CURRENT_TIMESTAMP - INTERVAL '25 days' + INTERVAL '715 minutes');


INSERT INTO reports (reportedAuction, userId, type, reportText) VALUES
    (31, 6, 'Fraudulent Listing', 'I think that this auction is trying to copy my painting because he is using my images in this auction, but I told him that he cant use my images, but still, he is using it!'),
    (32, 7, 'Copyright Infringement', 'This item violates copyright laws'),
    (33, 8, 'Inappropriate Content', 'The item description contains offensive'),
    (26, 9, 'Fraudulent Listing', 'This listing seems to be a scam'),
    (27, 10, 'Copyright Infringement', 'This item violates copyright laws'),
    (28, 11, 'Inappropriate Content', 'The item description contains offensive'),
    (29, 12, 'Fraudulent Listing', 'This listing seems to be a scam'),
    (30, 13, 'Copyright Infringement', 'This item violates copyright laws');